Papel,Segmento,Cotação,FFO Yield,Dividend Yield,P/VP,Valor de Mercado,Liquidez,Qtd de imóveis,Preço do m2,Aluguel por m2,Cap Rate,Vacância Média
AAZQ11,Títulos e Val. Mob.,707,"17,36%","17,00%",82,169.944.000,621.278,0,000,000,"0,00%","0,00%"
ABCP11,Shoppings,7695,"8,38%","8,54%",71,362.364.000,61.401,1,"5.052,97",53709,"10,63%","1,37%"
AEFI11,Outros,17490,"8,55%","0,00%",175,411.893.000,0,0,000,000,"0,00%","0,00%"
AFCR11,Híbrido,10315,"12,61%","0,00%",107,498.867.000,0,0,000,000,"0,00%","0,00%"
AFHI11,Títulos e Val. Mob.,9196,"10,99%","12,30%",99,418.935.000,867.634,0,000,000,"0,00%","0,00%"
AFOF11,Títulos e Val. Mob.,9160,"0,82%","0,00%",1228,1.390.540.000,0,0,000,000,"0,00%","0,00%"
AGCX11,Outros,"1.235,50","0,53%","0,00%",1157,19.291.500.000,0,82,"63.941,30",46890,"0,73%","3,86%"
AGRX11,Híbrido,808,"23,50%","16,35%",79,144.657.000,206.135,0,000,000,"0,00%","0,00%"
AIEC11,Lajes Corporativas,4511,"19,61%","16,64%",58,217.655.000,336.851,2,"8.747,82","1.786,85","20,43%","0,00%"
AJFI11,Títulos e Val. Mob.,737,"11,47%","10,97%",61,233.083.000,1.546.560,6,"1.052,92",12626,"11,99%","93,55%"
ALMI11,Lajes Corporativas,56000,"6,72%","6,28%",27,62.259.100,20.788,1,"1.357,59",21842,"16,09%","55,40%"
ALZC11,Títulos e Val. Mob.,7848,"3,93%","17,37%",80,157.354.000,465.597,0,000,000,"0,00%","0,00%"
ALZM11,Títulos e Val. Mob.,640,"11,76%","13,21%",86,97.155.500,0,0,000,000,"0,00%","0,00%"
ALZR11,Híbrido,9765,"7,87%","9,37%",94,1.193.930.000,2.197.230,18,"4.786,70",37374,"7,81%","0,00%"
ALZT11,Títulos e Val. Mob.,3300,"15,52%","7,50%",79,16.500.000,0,0,000,000,"0,00%","0,00%"
ANCR11,Shoppings,12000,"7,88%","6,59%",109,3.208.210.000,109,7,"13.420,80","1.400,35","10,43%","4,42%"
APTO11,Híbrido,851,"12,66%","13,67%",88,39.250.100,15.435,3,"16.531,20","1.157,42","7,00%","0,00%"
APXM11,Híbrido,9177,"4,43%","5,81%",74,259.630.000,326.936,1,"1.438,66",15672,"10,89%","100,00%"
ARCT11,Híbrido,8713,"-60,77%","0,00%",86,368.999.000,0,12,"1.100,84",9919,"9,01%","0,00%"
AROA11,Outros,098,"7.756,39%","7,50%",103,158.337,5.518,6,121,10476,"8.686,54%","0,00%"
ARRI11,Títulos e Val. Mob.,749,"8,64%","15,04%",89,155.245.000,228.528,0,000,000,"0,00%","0,00%"
ARXD11,Títulos e Val. Mob.,732,"12,92%","16,36%",79,65.961.800,139.491,0,000,000,"0,00%","0,00%"
ASMT11,,3750,"9,88%","0,00%",40,40.547.100,23.742,3,"3.342,65",75512,"22,59%","0,00%"
ASRF11,Híbrido,"10.888,00","-4,77%","0,00%",112,43.552.000,0,2,"5.051,44",000,"0,00%","0,00%"
ATSA11,Shoppings,4998,"5,09%","4,42%",66,87.522.000,607,1,"2.574,27",14942,"5,80%","16,77%"
AURB11,Logística,7280,"0,12%","0,00%",100,65.411.800,2.449,2,"7.352,59",44111,"6,00%","0,01%"
AZPL11,Logística,743,"4,85%","7,96%",76,135.298.000,792.099,1,58282,1419,"2,43%","0,00%"
BARI11,Títulos e Val. Mob.,7348,"13,05%","13,38%",81,340.520.000,528.996,3,"3.206,32",000,"0,00%","0,00%"
BBFI11,Lajes Corporativas,30004,"229,44%","45,58%",42,39.005.200,35.630,1,73114,"2.401,14","328,41%","100,00%"
BBFO11,Títulos e Val. Mob.,6239,"18,88%","12,51%",85,249.803.000,349.958,0,000,000,"0,00%","0,00%"
BBGO11,Títulos e Val. Mob.,6681,"12,09%","13,13%",72,267.585.000,313.067,0,000,000,"0,00%","0,00%"
BBIG11,Shoppings,700,"10,59%","12,99%",73,693.847.000,888.577,0,000,000,"0,00%","0,00%"
BBPO11,Lajes Corporativas,9675,"10,42%","0,00%",95,1.540.230.000,0,61,"3.690,03",47956,"13,00%","1,44%"
BBRC11,Outros,10200,"12,79%","12,77%",97,162.180.000,70.895,21,"9.424,83","1.473,71","15,64%","12,53%"
BBVJ11,Lajes Corporativas,6299,"2,23%","0,00%",86,197.789.000,0,1,"10.225,30",57089,"5,58%","43,70%"
BCFF11,Títulos e Val. Mob.,735,"8,06%","7,72%",84,1.480.960.000,0,0,000,000,"0,00%","0,00%"
BCIA11,Títulos e Val. Mob.,8335,"12,56%","12,32%",86,309.982.000,382.973,0,000,000,"0,00%","0,00%"
BCRI11,Títulos e Val. Mob.,6676,"14,90%","13,94%",79,417.776.000,579.250,0,000,000,"0,00%","0,00%"
BGRB11,Lajes Corporativas,9990,"0,56%","1,57%",108,149.900.000,39.609,1,"42.106,70",41789,"0,99%","0,00%"
BICE11,Títulos e Val. Mob.,89543,"8,20%","9,00%",87,119.463.000,19.608,0,000,000,"0,00%","0,00%"
BICR11,Títulos e Val. Mob.,3592,"14,26%","6,42%",86,17.960.000,0,0,000,000,"0,00%","0,00%"
BIME11,Híbrido,678,"14,51%","15,01%",82,39.633.200,70.805,1,28255,000,"0,00%","0,00%"
BIPD11,Títulos e Val. Mob.,98817,"-2,32%","7,39%",100,109.133.000,0,2,"7.538,54",000,"0,00%","0,00%"
BLCA11,Lajes Corporativas,9899,"6,40%","6,08%",75,158.384.000,160.052,1,"43.566,40","3.412,51","7,83%","0,00%"
BLCP11,Logística,9100,"5,41%","0,00%",81,208.962.000,0,2,"3.014,16",19989,"6,63%","0,00%"
BLMC11,Títulos e Val. Mob.,8575,"11,10%","0,00%",91,34.257.100,0,0,000,000,"0,00%","0,00%"
BLMG11,Outros,3305,"16,48%","12,72%",47,141.084.000,369.514,2,7583,4467,"58,90%","58,43%"
BLMO11,Lajes Corporativas,7999,"6,61%","6,72%",76,79.575.200,634.521,1,"9.520,45",83770,"8,80%","0,00%"
BLMR11,Títulos e Val. Mob.,678,"10,17%","0,00%",84,173.172.000,0,0,000,000,"0,00%","0,00%"
BLOG11,Títulos e Val. Mob.,1038,"1,92%","2,80%",93,294.885.000,321,5,"2.455,13",8445,"3,44%","0,00%"
BLUR11,Títulos e Val. Mob.,6811,"12,27%","11,13%",93,6.129.900,1.373,0,000,000,"0,00%","0,00%"
BMLC11,Híbrido,9724,"8,91%","8,82%",86,97.084.900,1.070.140,1,"15.119,10","1.435,55","9,49%","2,14%"
BNFS11,Outros,7109,"22,43%","20,93%",91,49.763.000,143.124,18,"4.562,88","1.199,01","26,28%","0,22%"
BPFF11,Outros,5895,"17,53%","12,35%",85,264.823.000,241.369,0,000,000,"0,00%","0,00%"
BPML11,Híbrido,8000,"9,76%","15,74%",61,595.340.000,1.719.450,4,"4.452,06",71563,"16,07%","7,04%"
BPRP11,Outros,10750,"10,56%","5,12%",86,145.107.000,0,1,"6.230,68",69207,"11,11%","0,00%"
BRCO11,Logística,10990,"7,21%","9,42%",93,1.747.970.000,2.804.170,12,"3.442,93",29599,"8,60%","0,00%"
BRCR11,Híbrido,4125,"0,60%","14,09%",48,1.098.830.000,1.530.760,6,"9.886,56","1.567,01","15,85%","1,20%"
BREV11,Híbrido,10500,"6,59%","0,00%",0,101.556.000,0,13,000,"1.437,55","0,00%","0,00%"
BRIM11,Residencial,55995,"-2,58%","27,31%",123,69.510.500,23.596,1,"136.396,00",000,"0,00%","0,00%"
BRIP11,Híbrido,93100,"-3,65%","39,20%",127,200.607.000,26.534,0,000,000,"0,00%","0,00%"
BRLA11,Outros,14800,"7,73%","5,33%",89,724.795.000,0,10,"1.083,60",8630,"7,96%","0,00%"
BROF11,Híbrido,4800,"12,22%","12,49%",44,557.319.000,319.496,2,"5.922,98",98024,"16,55%","4,65%"
BTAL11,Outros,7555,"19,94%","13,18%",68,451.996.000,578.214,9,"1.303,97",17769,"13,63%","0,00%"
BTCI11,Títulos e Val. Mob.,893,"12,28%","12,28%",89,888.724.000,1.383.160,0,000,000,"0,00%","0,00%"
BTCR11,Títulos e Val. Mob.,8800,"12,48%","0,00%",92,423.289.000,0,0,000,000,"0,00%","0,00%"
BTHF11,Híbrido,798,"5,13%","5,88%",79,1.642.660.000,3.520.680,0,000,000,"0,00%","0,00%"
BTHI11,Hotel,3950,"9,57%","10,23%",58,364.131.000,16.402,14,"6.389,65",69237,"10,84%","0,00%"
BTLG11,Híbrido,10108,"6,90%","9,19%",97,4.371.620.000,7.514.130,30,"3.325,54",18266,"5,49%","2,89%"
BTML11,Híbrido,11128,"10,15%","9,94%",96,126.321.000,0,2,"22.394,60","2.369,56","10,58%","9,70%"
BTRA11,Outros,5820,"3,60%","6,52%",52,195.817.000,339.207,6,133,014,"10,60%","24,97%"
BTSG11,Logística,15905,"8,76%","7,25%",105,123.266.000,0,1,"6.535,73",62261,"9,53%","0,00%"
BTSI11,Híbrido,11160,"4,21%","7,94%",95,593.053.000,515,6,"1.247,37",6704,"5,37%","0,00%"
BTWR11,Lajes Corporativas,10322,"7,01%","6,93%",90,83.532.800,5,1,"4.173,17",43743,"10,48%","8,00%"
BTYU11,Híbrido,1030,"8,50%","12,88%",101,309.000.000,430,0,000,000,"0,00%","0,00%"
BVAR11,Outros,"1.400,00","3,93%","6,12%",176,875.756.000,36,47,"8.709,56",37572,"4,31%","23,15%"
CACR11,Híbrido,9639,"13,50%","16,45%",101,466.173.000,1.133.730,0,000,000,"0,00%","0,00%"
CARE11,Híbrido,137,"-12,70%","0,00%",20,49.004.800,21.165,1,000,000,"0,00%","0,00%"
CBOP11,Lajes Corporativas,2500,"4,65%","4,30%",37,35.375.000,43.017,1,"2.172,35",31422,"14,46%","55,78%"
CCME11,,885,"9,86%","10,91%",86,600.004.000,233.502,2,"5.700,66",47360,"8,31%","44,99%"
CCRF11,Títulos e Val. Mob.,9250,"7,16%","0,00%",95,145.401.000,0,0,000,000,"0,00%","0,00%"
CCVA11,Híbrido,10007,"4,52%","3,95%",103,61.793.200,0,1,"2.122,38",10708,"5,05%","2,66%"
CEOC11,Lajes Corporativas,3799,"13,87%","13,81%",52,68.978.300,45.380,1,"4.372,02",72338,"16,55%","0,00%"
CFHI11,Outros,62620,"30,10%","3,93%",121,59.238.500,0,9,"4.902,03",000,"0,00%","0,00%"
CFII11,Híbrido,"1.000,00","1,60%","14,14%",84,126.319.000,0,8,"14.439,20",57325,"3,97%","0,00%"
CJCT11,Lajes Corporativas,5525,"2,55%","2,73%",76,173.485.000,16.913,1,"9.004,41",57089,"6,34%","43,70%"
CLIN11,Títulos e Val. Mob.,8870,"12,18%","13,25%",92,385.558.000,767.625,0,000,000,"0,00%","0,00%"
CNES11,Lajes Corporativas,102,"9,25%","8,76%",13,34.817.500,50.496,1,50184,16990,"33,86%","59,40%"
COPP11,Híbrido,10300,"4,99%","0,00%",94,290.462.000,0,3,542,025,"4,63%","18,00%"
CORM11,,8100,"4,57%","0,00%",85,87.581.800,0,3,"7.193,96",75512,"10,50%","0,00%"
CPFF11,Títulos e Val. Mob.,6990,"7,18%","8,75%",96,178.460.000,2.399.560,0,000,000,"0,00%","0,00%"
CPLG11,Logística,1107,"0,25%","6,46%",112,380.202.000,5.564.150,1,49893,289,"0,58%","0,00%"
CPOF11,Híbrido,10850,"3,39%","8,21%",99,481.639.000,8.084.950,4,391,027,"6,90%","2,50%"
CPSH11,Shoppings,919,"5,55%","12,97%",77,732.441.000,3.281.610,7,97142,7390,"7,61%","27,04%"
CPTR11,Títulos e Val. Mob.,800,"16,26%","10,46%",81,331.040.000,3.768.370,0,000,000,"0,00%","0,00%"
CPTS11,Títulos e Val. Mob.,746,"8,14%","12,17%",85,2.371.000.000,9.858.820,0,000,000,"0,00%","0,00%"
CPUR11,Híbrido,1025,"4,21%","10,45%",104,639.304.000,7.549.070,11,"7.051,82",34308,"4,87%","0,49%"
CRAA11,Títulos e Val. Mob.,9095,"6,31%","13,84%",89,215.537.000,623.444,0,000,000,"0,00%","0,00%"
CRFF11,Títulos e Val. Mob.,7089,"10,18%","10,30%",88,48.916.900,341.785,0,000,000,"0,00%","0,00%"
CTXT11,Lajes Corporativas,575,"-28,08%","0,00%",23,22.548.200,937,1,48831,262,"0,54%","100,00%"
CVBI11,Títulos e Val. Mob.,8483,"13,33%","13,34%",93,933.998.000,1.822.310,0,000,000,"0,00%","0,00%"
CXAG11,Outros,7137,"12,23%","12,60%",62,149.208.000,127.971,32,"2.590,95",35451,"13,68%","0,00%"
CXCE11,Lajes Corporativas,3879,"13,79%","13,20%",61,66.445.300,11.270,1,"3.133,24",47751,"15,24%","0,00%"
CXCI11,Títulos e Val. Mob.,6687,"13,97%","13,37%",80,137.600.000,100.874,0,000,000,"0,00%","0,00%"
CXCO11,Lajes Corporativas,5741,"14,53%","13,60%",60,225.306.000,110.151,10,"2.421,66",40859,"16,87%","0,00%"
CXRI11,Títulos e Val. Mob.,6289,"11,34%","11,16%",80,99.099.500,127.089,0,000,000,"0,00%","0,00%"
CXTL11,Logística,23023,"10,90%","10,36%",55,12.339.600,6.603,1,"1.737,59",34543,"19,88%","0,00%"
DAMA11,Títulos e Val. Mob.,750,"7,86%","10,96%",87,41.527.700,76.496,0,000,000,"0,00%","0,00%"
DAMT11,Shoppings,1670,"-0,83%","0,00%",117,296.922.000,325,2,"2.703,27",19634,"7,26%","9,72%"
DCRA11,Títulos e Val. Mob.,730,"19,41%","16,61%",76,49.194.000,71.333,0,000,000,"0,00%","0,00%"
DEVA11,Títulos e Val. Mob.,2956,"20,13%","18,31%",31,415.167.000,575.256,0,000,000,"0,00%","0,00%"
DMAC11,Residencial,1300,"-758,50%","0,00%",261,2.029.400,0,0,000,000,"0,00%","0,00%"
DOMC11,Híbrido,43900,"0,78%","0,00%",413,1.072.830.000,0,2,"25.593,60",36483,"1,43%","13,30%"
DOVL11,Lajes Corporativas,66630,"13,90%","14,10%",101,44.246.300,0,2,"2.509,07",62002,"24,71%","36,00%"
DPRO11,Híbrido,619,"10,71%","10,52%",68,30.969.900,583,1,"1.884,18",24808,"13,17%","0,00%"
DRIT11,Lajes Corporativas,8397,"6,54%","13,39%",64,38.901.400,11.651,4,"6.467,82",66195,"10,23%","0,00%"
DVFF11,Títulos e Val. Mob.,616,"7,21%","13,41%",75,67.818.500,38.316,0,000,000,"0,00%","0,00%"
EDFO11,Lajes Corporativas,11800,"17,51%","15,11%",56,27.848.000,6.282,1,"78.346,70","15.420,59","19,68%","100,05%"
EDGA11,Lajes Corporativas,1652,"3,65%","5,60%",35,62.975.100,7.756,1,"2.508,34",25982,"10,36%","18,78%"
EGAF11,Títulos e Val. Mob.,9110,"13,61%","15,46%",92,285.317.000,783.465,0,000,000,"0,00%","0,00%"
ELDO11B,Shoppings,"1.104,31","10,22%","3,99%",66,869.375.000,0,1,"11.453,20","1.388,89","12,13%","2,00%"
EQIN11,Títulos e Val. Mob.,729,"15,38%","13,67%",82,122.098.000,31.693,0,000,000,"0,00%","0,00%"
EQIR11,Títulos e Val. Mob.,770,"12,78%","14,82%",82,84.001.700,141.467,0,000,000,"0,00%","0,00%"
ERCR11,Híbrido,"76.000,00","0,00%","0,00%",364,180.576.000,0,0,000,000,"0,00%","0,00%"
ERPA11,Lajes Corporativas,13316,"7,39%","7,53%",83,66.702.800,1.552,1,"19.728,00","1.637,00","8,30%","0,00%"
EURO11,Logística,22648,"10,39%","9,96%",69,86.953.800,25.981,7,73361,8464,"11,54%","0,00%"
EVBI11,Híbrido,950,"4,93%","5,59%",97,546.231.000,0,11,"6.565,94",34308,"5,23%","0,49%"
EXES11,Títulos e Val. Mob.,936,"10,83%","13,65%",96,66.507.000,144.469,0,000,000,"0,00%","0,00%"
FAED11,Outros,13300,"14,12%","14,18%",60,92.086.100,70.397,4,"1.993,91",29877,"14,98%","0,00%"
FAMB11,Lajes Corporativas,78501,"160,43%","48,86%",38,96.193.600,31.215,1,"1.433,48",6011,"4,19%","98,02%"
FATN11,Híbrido,7629,"9,27%","13,04%",78,323.054.000,843.767,54,"22.720,30","2.004,35","8,82%","2,14%"
FCFL11,Outros,11850,"8,70%","8,58%",96,411.670.000,226.976,1,"13.204,50","1.195,93","9,06%","0,00%"
FEXC11,Títulos e Val. Mob.,8350,"1,31%","0,00%",844,8.310.020.000,0,0,000,000,"0,00%","0,00%"
FFCI11,Lajes Corporativas,18203,"3,63%","0,00%",90,671.817.000,0,9,"17.089,90","1.216,83","7,12%","6,49%"
FGAA11,Híbrido,846,"14,31%","16,23%",88,381.389.000,1.049.920,0,000,000,"0,00%","0,00%"
FIGS11,Shoppings,4555,"11,51%","11,31%",60,129.818.000,180.752,2,"2.001,35",24476,"12,23%","6,77%"
FIIB11,Híbrido,50162,"8,53%","9,50%",106,343.610.000,192.656,11,62095,5943,"9,57%","0,00%"
FIIP11,Híbrido,14075,"12,59%","12,00%",71,130.498.000,371.232,7,"1.868,03",26673,"14,28%","0,00%"
FISC11,Lajes Corporativas,6462,"7,38%","8,26%",57,109.854.000,505,4,"8.712,96",84979,"9,75%","0,00%"
FISD11,Títulos e Val. Mob.,20332,"-21,06%","0,00%",341,218.079.000,0,1,000,000,"0,00%","0,00%"
FIXX11,Títulos e Val. Mob.,8578,"7,29%","0,00%",155,321.608.000,0,0,000,000,"0,00%","0,00%"
FLCR11,Títulos e Val. Mob.,9682,"14,53%","14,33%",104,72.793.500,34.599,0,000,000,"0,00%","0,00%"
FLFL11,Híbrido,10000,"2,73%","0,74%",70,345.426.000,0,1,"30.129,20","2.453,96","8,14%","12,50%"
FLMA11,Híbrido,13500,"9,52%","9,34%",61,186.390.000,95.694,2,"16.108,90","1.889,64","11,73%","0,00%"
FLRP11,Shoppings,"1.999,99","7,91%","8,04%",98,144.999.000,18.435,1,"2.836,33",24463,"8,63%","1,05%"
FMOF11,Lajes Corporativas,6500,"2,32%","3,63%",56,33.020.500,188.765,2,"1.956,50",16757,"8,56%","15,58%"
FPAB11,Lajes Corporativas,17210,"7,01%","7,42%",49,129.075.000,161.888,2,"3.531,27",37577,"10,64%","20,14%"
FPNG11,Lajes Corporativas,32618,"1,37%","0,00%",188,851.968.000,60,8,"60.090,40","1.576,33","2,62%","2,13%"
FRBR11,Títulos e Val. Mob.,10371,"9,23%","0,00%",108,1.324.330.000,0,0,000,000,"0,00%","0,00%"
FTCA11,Títulos e Val. Mob.,768,"21,26%","16,04%",73,34.252.400,54.478,0,000,000,"0,00%","0,00%"
FTCE11,Híbrido,"2.834,82","-0,32%","2,94%",100,3.597.430.000,0,79,"1.833,56",4768,"2,60%","0,01%"
FVBI11,Lajes Corporativas,15971,"0,00%","0,00%",0,0,0,1,000,63695,"0,00%","0,00%"
FVPQ11,Shoppings,5200,"13,58%","10,44%",30,145.608.000,91.730,1,"2.535,09",82066,"32,37%","11,52%"
FYTO11,Títulos e Val. Mob.,798,"15,40%","1,08%",82,121.945.000,82.548,0,000,000,"0,00%","0,00%"
FZDA11,Outros,12080,"0,79%","0,86%",70,187.240.000,2.983,6,214,003,"1,59%","0,00%"
FZDB11,Outros,12689,"3,17%","2,98%",75,456.804.000,6.190,16,333,013,"3,78%","0,00%"
GALG11,Híbrido,908,"7,99%","0,00%",98,1.338.920.000,0,4,32763,2764,"8,44%","0,00%"
GAME11,Outros,853,"26,97%","12,70%",91,185.081.000,393.964,0,000,000,"0,00%","0,00%"
GARE11,Híbrido,870,"8,34%","11,93%",96,1.282.890.000,4.878.620,4,19165,2764,"14,42%","0,00%"
GCFF11,Títulos e Val. Mob.,6930,"12,04%","0,00%",89,24.981.100,0,0,000,000,"0,00%","0,00%"
GCOI11,Híbrido,9899,"-2,75%","0,00%",101,11.185.900,635,5,"5.979,00",000,"0,00%","0,00%"
GCRA11,Títulos e Val. Mob.,5026,"16,67%","15,51%",59,87.998.500,128.653,0,000,000,"0,00%","0,00%"
GCRI11,Títulos e Val. Mob.,6084,"14,81%","16,83%",68,88.452.800,223.512,1,91388,000,"0,00%","0,00%"
GESE11B,Outros,"1.520,00","11,39%","0,00%",136,79.040.000,0,1,000,72537,"0,00%","0,00%"
GGRC11,Logística,965,"9,28%","11,75%",87,1.180.050.000,3.306.920,26,"1.753,42",15956,"9,10%","0,00%"
GLOG11,Logística,5889,"16,47%","9,65%",54,44.167.500,137.798,1,61379,13027,"21,22%","0,00%"
GLPF11,Logística,10385,"0,00%","1,55%",103,156.294.000,76.275,0,000,000,"0,00%","0,00%"
GRLV11,Logística,14550,"5,72%","0,00%",2438,156.199.000,0,1,000,18300,"0,00%","3,69%"
GRUL11,Logística,822,"6,79%","8,03%",85,203.034.000,350.734,0,000,000,"4,34%","0,00%"
GRWA11,Títulos e Val. Mob.,903,"9,81%","13,57%",90,24.909.100,7.788,0,000,000,"0,00%","0,00%"
GSFI11,Shoppings,782,"0,00%","0,00%",60,751.554.000,816.084,0,000,000,"0,00%","0,00%"
GTLG11,Logística,6399,"13,75%","0,00%",70,459.000.000,0,5,"2.714,27",31812,"11,72%","1,69%"
GTWR11,Lajes Corporativas,6880,"14,26%","13,85%",69,825.600.000,906.574,3,"4.962,91",76191,"15,35%","0,00%"
GURB11,Híbrido,10800,"10,46%","0,00%",94,122.597.000,0,2,"21.746,70","2.369,56","10,90%","9,70%"
GWIR11,Shoppings,17599,"2,80%","0,00%",74,67.231.200,0,0,000,000,"4,21%","0,00%"
GZIT11,Híbrido,4947,"-3,49%","18,60%",54,1.080.490.000,638.581,4,"10.782,30","1.309,05","12,14%","2,40%"
HAAA11,Lajes Corporativas,2528,"7,83%","6,44%",34,87.342.400,219,2,"6.637,01","1.068,61","16,10%","15,64%"
HABT11,Títulos e Val. Mob.,8023,"13,86%","16,62%",86,652.012.000,784.074,0,000,000,"0,00%","0,00%"
HBCR11,Outros,13561,"7,26%","18,20%",110,216.976.000,507.061,2,"2.184,00",39800,"18,22%","0,00%"
HBRH11,Híbrido,9080,"4,63%","0,00%",81,256.345.000,0,5,"8.349,82",60690,"7,27%","2,83%"
HBTT11,Títulos e Val. Mob.,"1.055,00","6,53%","0,00%",119,190.126.000,0,0,000,000,"0,00%","0,00%"
HCHG11,Outros,7600,"9,12%","12,47%",80,91.200.000,50.789,0,000,000,"0,00%","0,00%"
HCRI11,Hospital,25032,"12,28%","12,35%",77,50.064.000,35.602,1,"8.996,65","1.203,75","13,38%","0,00%"
HCTR11,Títulos e Val. Mob.,2151,"21,36%","21,38%",21,475.031.000,1.540.640,0,000,000,"0,00%","0,00%"
HDEL11,Logística,9900,"22,92%","30,76%",214,83.160.000,59,1,"4.711,95",25858,"5,49%","0,00%"
HFOF11,Títulos e Val. Mob.,5657,"11,48%","12,48%",83,1.303.710.000,2.170.430,0,000,000,"0,00%","0,00%"
HGAG11,Outros,1541,"78.389,38%","11,23%",64,324,1.334,0,000,000,"0,00%","0,00%"
HGBL11,Logística,865,"6,42%","17,71%",93,206.779.000,1.214.110,1,"1.607,62",19248,"11,97%","5,00%"
HGBS11,Shoppings,19490,"8,14%","10,00%",90,2.516.800.000,2.494.700,16,"4.401,15",39121,"8,89%","4,89%"
HGCR11,Títulos e Val. Mob.,9600,"12,09%","12,06%",100,1.480.140.000,2.369.870,0,000,000,"0,00%","0,00%"
HGFF11,Títulos e Val. Mob.,7156,"12,31%","12,42%",88,204.919.000,317.548,0,000,000,"0,00%","0,00%"
HGIC11,Títulos e Val. Mob.,7600,"7,58%","14,70%",69,35.165.700,23.370,2,"1.597,85",000,"0,00%","0,00%"
HGJH11,Lajes Corporativas,19129,"9,55%","0,00%",55,335.342.000,0,2,"26.273,60","2.781,84","10,59%","3,42%"
HGLG11,Logística,15990,"6,83%","8,19%",98,5.402.630.000,6.746.100,27,"3.283,97",24821,"7,56%","6,68%"
HGPO11,Lajes Corporativas,13200,"8,29%","20,61%",97,231.404.000,224.760,0,000,000,"0,00%","0,00%"
HGRE11,Lajes Corporativas,11670,"6,34%","8,74%",76,1.379.130.000,1.719.200,14,"7.273,21",69731,"9,59%","22,88%"
HGRU11,Híbrido,12134,"8,19%","9,69%",95,2.819.700.000,4.623.910,106,"4.446,90",29854,"6,71%","0,81%"
HILG11,Outros,19861,"8,35%","7,13%",97,104.519.000,0,1,"3.166,42",33160,"10,47%","0,00%"
HLOG11,Logística,7998,"5,49%","7,19%",72,339.915.000,61.028,4,"1.667,20",18460,"11,07%","2,96%"
HMOC11,Shoppings,22695,"2,17%","0,00%",95,86.698.800,0,0,000,000,"3,27%","0,00%"
HOFC11,Lajes Corporativas,2427,"1,02%","1,72%",37,91.716.400,105.014,4,"2.171,57",39654,"18,26%","47,88%"
HOSI11,Híbrido,8627,"9,72%","9,14%",95,49.471.500,254.300,2,000,000,"0,00%","0,00%"
HPDP11,Shoppings,9056,"7,04%","7,11%",97,297.761.000,2.155.140,1,"2.197,30",16362,"7,45%","1,02%"
HRDF11,Híbrido,319,"-0,24%","0,00%",41,4.840.590,100,0,000,000,"0,00%","0,00%"
HREC11,Títulos e Val. Mob.,833,"11,12%","11,76%",97,430.544.000,653.465,0,000,000,"0,00%","0,00%"
HRES11,Híbrido,14925,"12,86%","14,21%",116,69.885.100,0,0,000,000,"0,00%","0,00%"
HSAF11,Títulos e Val. Mob.,7969,"13,88%","13,63%",91,201.326.000,290.679,0,000,000,"0,00%","0,00%"
HSLG11,Logística,8130,"10,93%","10,49%",76,1.029.260.000,501.952,5,"2.442,53",27830,"11,39%","0,00%"
HSML11,Shoppings,8370,"8,28%","10,83%",77,1.741.680.000,2.305.800,13,"7.292,95",83511,"11,45%","2,92%"
HSRE11,Híbrido,10200,"6,83%","10,04%",112,907.670.000,3.495.490,24,"7.060,27",63241,"8,96%","0,00%"
HTMX11,Hotel,13852,"3,08%","16,72%",95,400.059.000,1.065.880,20,"8.979,21",48970,"5,45%","0,00%"
HUCG11,Hospital,9678,"-0,30%","0,00%",94,108.587.000,480,2,"3.780,59",000,"0,00%","0,00%"
HUSC11,Outros,9715,"11,45%","10,83%",64,82.657.300,7.287,1,"1.109,51",15489,"13,96%","0,00%"
HUSI11,Hospital,"1.230,00","8,24%","8,11%",99,143.125.000,62,1,"6.998,34",62607,"8,95%","0,00%"
IAAG11,Títulos e Val. Mob.,745,"10,84%","15,57%",77,77.883.600,105.185,0,000,000,"0,00%","0,00%"
IAGR11,Outros,406,"-0,69%","3,48%",63,11.359.600,38.730,0,000,000,"0,00%","0,00%"
IBBP11,Outros,800,"5,20%","3,62%",91,244.231.000,1.107,24,71515,5556,"7,77%","0,21%"
IBCR11,Títulos e Val. Mob.,5574,"11,77%","17,76%",61,53.422.500,232.021,0,000,000,"0,00%","0,00%"
IBFF11,Títulos e Val. Mob.,6640,"8,28%","0,00%",93,44.267.600,0,0,000,000,"0,00%","0,00%"
ICRI11,Títulos e Val. Mob.,9469,"8,64%","13,67%",96,365.253.000,1.193.070,0,000,000,"0,00%","0,00%"
IDFI11,Títulos e Val. Mob.,200,"16,41%","296,88%",46,4.115.850,0,2,000,000,"0,00%","0,00%"
IDGR11,Híbrido,150,"-15,05%","237,81%",0,1.325.040,0,0,000,000,"0,00%","0,00%"
IFID11,Títulos e Val. Mob.,8006,"7,66%","0,00%",125,59.897.000,0,0,000,000,"0,00%","0,00%"
IFIE11,Títulos e Val. Mob.,7198,"12,86%","0,00%",104,64.817.600,0,0,000,000,"0,00%","0,00%"
INLG11,Logística,7003,"13,33%","12,76%",70,315.983.000,323.865,5,"2.621,06",37513,"14,31%","0,84%"
INRD11,Residencial,6836,"12,71%","10,41%",58,77.295.100,64.217,5,"2.941,30",52929,"18,00%","3,31%"
IRDM11,Títulos e Val. Mob.,6770,"14,37%","13,49%",83,2.466.570.000,2.891.000,0,000,000,"0,00%","0,00%"
IRIM11,Híbrido,6755,"15,18%","14,55%",80,129.696.000,43.807,1,"2.664,43",000,"0,00%","0,00%"
ISCJ11,Títulos e Val. Mob.,9618,"9,38%","6,10%",40,18.048.200,24,0,000,000,"0,00%","0,00%"
ITIP11,Títulos e Val. Mob.,6489,"9,45%","12,74%",93,48.547.500,499.601,0,000,000,"0,00%","0,00%"
ITIT11,Títulos e Val. Mob.,6490,"14,27%","11,19%",88,58.442.100,425.234,0,000,000,"0,00%","0,00%"
ITRI11,Híbrido,7751,"9,01%","11,81%",86,484.438.000,1.235.090,0,000,000,"0,00%","0,00%"
JASC11,Híbrido,10000,"7,11%","7,43%",88,348.934.000,5.128,16,"3.410,61",30687,"9,00%","1,19%"
JBFO11,Títulos e Val. Mob.,8201,"9,02%","0,63%",104,104.897.000,0,0,000,000,"0,00%","0,00%"
JCCJ11,Títulos e Val. Mob.,15900,"3,28%","3,70%",84,265.292.000,1.768.290,0,000,000,"0,00%","0,00%"
JCIN11,Títulos e Val. Mob.,15000,"4,70%","3,93%",96,197.658.000,1.737.760,0,000,000,"0,00%","0,00%"
JFLL11,Residencial,7110,"14,32%","9,71%",66,106.693.000,65.000,2,"7.250,48","1.253,53","17,29%","9,00%"
JGPX11,Híbrido,6229,"20,82%","15,65%",66,133.378.000,229.056,0,000,000,"0,00%","0,00%"
JPPA11,Híbrido,7882,"15,79%","15,75%",83,71.257.200,82.141,0,000,000,"0,00%","0,00%"
JPPC11,Híbrido,14910,"-5,49%","16,20%",50,8.200.500,5.449,0,000,000,"0,00%","0,00%"
JRDM11,Shoppings,8590,"7,97%","0,00%",96,216.723.000,0,1,"7.394,68",67149,"9,08%","1,19%"
JSAF11,Títulos e Val. Mob.,777,"10,37%","14,34%",89,602.356.000,1.925.030,0,000,000,"0,00%","0,00%"
JSCR11,Títulos e Val. Mob.,839,"6,50%","8,77%",90,185.730.000,616.537,0,000,000,"0,00%","0,00%"
JSRE11,Híbrido,6280,"9,33%","9,10%",62,1.304.190.000,1.429.840,6,"11.158,20","1.127,61","10,11%","3,57%"
KCRE11,Títulos e Val. Mob.,876,"12,98%","12,93%",94,315.360.000,411.889,0,000,000,"0,00%","0,00%"
KDOL11,Títulos e Val. Mob.,9598,"-0,09%","3,06%",91,64.400.900,397.465,0,000,000,"0,00%","0,00%"
KEVE11,Residencial,85799,"6,34%","20,90%",159,126.726.000,39.927,1,000,000,"0,00%","0,00%"
KFEN11,Outros,"1.100,00","1,78%","2,93%",118,196.516.000,846,0,000,000,"0,00%","0,00%"
KFOF11,Títulos e Val. Mob.,7786,"10,34%","11,57%",90,546.154.000,1.312.830,0,000,000,"0,00%","0,00%"
KINP11,Residencial,982,"0,00%","0,00%",0,0,0,1,000,000,"0,00%","0,00%"
KISU11,Títulos e Val. Mob.,718,"11,41%","11,63%",91,317.328.000,431.358,0,000,000,"0,00%","0,00%"
KIVO11,Títulos e Val. Mob.,6417,"16,83%","17,32%",73,142.633.000,442.474,0,000,000,"0,00%","0,00%"
KNCA11,Títulos e Val. Mob.,9400,"11,57%","13,26%",92,2.030.390.000,3.002.210,0,000,000,"0,00%","0,00%"
KNCR11,Títulos e Val. Mob.,10361,"8,68%","11,45%",102,7.934.870.000,10.421.300,0,000,000,"0,00%","0,00%"
KNHF11,Híbrido,9015,"10,89%","11,85%",93,1.772.640.000,4.806.440,3,"19.934,70",74767,"3,75%","2,76%"
KNHY11,Títulos e Val. Mob.,10074,"9,22%","12,84%",103,2.837.800.000,2.962.630,0,000,000,"0,00%","0,00%"
KNIP11,Títulos e Val. Mob.,9068,"14,26%","11,60%",100,7.261.490.000,6.164.960,0,000,000,"0,00%","0,00%"
KNRE11,Residencial,033,"-4,49%","0,00%",50,6.120.560,5.359,0,000,000,"0,00%","0,00%"
KNRI11,Híbrido,14700,"7,32%","8,11%",91,4.146.000.000,9.008.730,20,"5.151,57",36501,"7,09%","0,11%"
KNSC11,Títulos e Val. Mob.,865,"6,33%","12,23%",100,1.749.050.000,4.913.860,0,000,000,"0,00%","0,00%"
KNUQ11,Títulos e Val. Mob.,10355,"8,54%","12,41%",102,1.585.610.000,3.157.660,0,000,000,"0,00%","0,00%"
KOPA11,Títulos e Val. Mob.,93000,"11,40%","17,53%",91,329.850.000,383.097,0,000,000,"0,00%","0,00%"
KORE11,Títulos e Val. Mob.,8434,"17,88%","17,52%",80,811.772.000,2.136.870,4,"13.143,80","1.702,12","12,95%","2,29%"
LAFI11,Híbrido,11447,"8,21%","7,43%",101,64.989.400,6.505,2,792,070,"8,89%","0,00%"
LASC11,Shoppings,10184,"7,34%","8,33%",71,299.440.000,1.390.120,2,"10.783,00","1.063,77","9,87%","3,77%"
LATR11B,Residencial,951,"-16,36%","0,00%",90,1.180.230,0,0,000,000,"0,00%","0,00%"
LFTT11,Outros,362,"-19,19%","0,00%",24,11.819.300,51.498,65,"1.820,48",000,"0,00%","0,00%"
LGCP11,Logística,8295,"11,25%","5,21%",82,374.279.000,0,5,"3.097,83",37513,"12,11%","0,84%"
LIFE11,Outros,886,"11,08%","17,69%",90,335.806.000,667.280,0,000,000,"0,00%","0,00%"
LLAO11,Híbrido,6458,"-7,71%","0,00%",124,23.322.400,0,14,"5.832,33",000,"0,00%","0,00%"
LOFT11B,Outros,2990,"-1,31%","0,00%",1270,58.678.800,0,3,"87.020,10",5910,"0,07%","0,00%"
LPLP11,Residencial,40800,"12,09%","28,99%",101,236.848.000,128.219,0,000,000,"0,00%","0,00%"
LSAG11,Títulos e Val. Mob.,7370,"16,74%","17,41%",75,74.387.900,73.190,0,000,000,"0,00%","0,00%"
LSPA11,Outros,2401,"175,20%","78,23%",115,9.712.040,0,0,000,000,"0,00%","0,00%"
LTMT11,Residencial,9521,"6,01%","8,03%",100,11.897.400,7.420,0,000,000,"0,00%","0,00%"
LUGG11,Residencial,7282,"11,94%","4,76%",62,82.338.000,0,5,"3.133,26",52929,"16,89%","3,31%"
LVBI11,Logística,10125,"10,03%","10,02%",81,1.632.000.000,2.462.960,10,"2.923,44",30913,"10,57%","0,90%"
MALL11,Híbrido,10202,"11,82%","9,53%",84,1.426.450.000,3.193.380,12,"4.716,38",53681,"11,38%","3,64%"
MANA11,Títulos e Val. Mob.,860,"6,46%","14,34%",94,322.811.000,1.023.830,0,000,000,"0,00%","0,00%"
MATV11,Títulos e Val. Mob.,8663,"11,42%","0,00%",92,36.901.600,0,0,000,000,"0,00%","0,00%"
MAXR11,Híbrido,6552,"10,66%","29,12%",63,73.752.900,616.381,7,"1.216,17",13431,"11,04%","24,55%"
MBRF11,Outros,67900,"4,63%","0,00%",98,69.029.900,0,2,"3.833,27",14042,"3,66%","81,98%"
MCCI11,Títulos e Val. Mob.,8402,"11,16%","11,66%",91,1.424.980.000,2.395.770,0,000,000,"0,00%","0,00%"
MCEM11,Títulos e Val. Mob.,6500,"-0,46%","0,00%",99,93.915.900,104.154,0,000,000,"0,00%","0,00%"
MCHF11,Títulos e Val. Mob.,905,"11,76%","0,00%",87,292.806.000,0,3,000,000,"0,00%","0,00%"
MCHY11,Títulos e Val. Mob.,858,"11,16%","9,79%",86,957.519.000,0,1,"1.583,25",5306,"3,35%","35,85%"
MCLO11,Híbrido,1074,"0,00%","2,36%",107,1.338.660.000,2.168.610,0,000,000,"0,00%","0,00%"
MCRE11,Títulos e Val. Mob.,868,"11,03%","14,32%",86,968.679.000,3.292.480,1,"1.584,80",5306,"3,35%","35,85%"
MFAI11,Híbrido,6998,"0,00%","3,74%",0,0,0,0,000,000,"0,00%","0,00%"
MFCR11,Híbrido,2460,"0,00%","18,05%",0,0,0,0,000,000,"0,00%","0,00%"
MFII11,Híbrido,8784,"4,08%","15,70%",84,457.857.000,853.401,4,15622,000,"0,00%","0,00%"
MGCR11,Títulos e Val. Mob.,940,"11,11%","0,00%",96,126.115.000,0,0,000,000,"0,00%","0,00%"
MGFF11,Títulos e Val. Mob.,6999,"0,00%","0,00%",0,0,0,0,000,000,"0,00%","0,00%"
MGHT11,Híbrido,1275,"17,07%","11,02%",48,16.750.700,62.051,1,"3.078,10",56821,"18,46%","99,99%"
MGIM11,Híbrido,10150,"-2,38%","0,00%",103,25.101.000,0,0,000,000,"0,00%","0,00%"
MGLG11,Híbrido,4099,"5,82%","0,00%",91,103.703.000,0,6,"3.132,38",7543,"2,41%","8,72%"
MINT11,Outros,9650,"13,23%","15,98%",99,50.180.000,0,3,000,53236,"0,00%","0,00%"
MMPD11,Outros,11061,"7,86%","10,35%",100,58.678.300,0,0,000,000,"0,00%","0,00%"
MORC11,Títulos e Val. Mob.,8987,"12,37%","0,00%",92,171.455.000,0,0,000,000,"0,00%","0,00%"
MORE11,Títulos e Val. Mob.,7621,"6,04%","0,00%",88,176.740.000,0,0,000,000,"0,00%","0,00%"
MXRF11,Híbrido,918,"9,93%","12,28%",99,4.014.650.000,11.753.000,3,"153.599,00",000,"0,00%","0,00%"
NAUI11,Outros,"1.030,00","-6,81%","0,00%",277,53.287.000,3.169,0,000,000,"0,00%","0,00%"
NAVT11,Títulos e Val. Mob.,6658,"13,55%","15,95%",80,40.765.700,94.619,0,000,000,"0,00%","0,00%"
NCHB11B,Títulos e Val. Mob.,797,"15,42%","14,84%",82,121.793.000,7.729,0,000,000,"0,00%","0,00%"
NCRA11,Títulos e Val. Mob.,770,"21,21%","15,44%",73,34.341.600,63.185,0,000,000,"0,00%","0,00%"
NCRI11,Títulos e Val. Mob.,819,"14,33%","14,34%",83,32.350.500,2.088,0,000,000,"0,00%","0,00%"
NEWL11,Híbrido,9860,"16,30%","11,57%",74,277.797.000,1.111.550,3,"3.820,68",41294,"10,81%","0,00%"
NEWU11,Híbrido,7700,"1,91%","1,23%",99,57.134.000,120.714,3,"4.080,78",43109,"10,56%","47,02%"
NEXG11,Outros,12900,"2,34%","8,10%",130,90.106.500,215.036,0,000,000,"0,00%","0,00%"
NPAR11,Outros,1282,"213,32%","0,00%",70,1.533.140,0,0,000,000,"0,00%","0,00%"
NSLU11,Hospital,15200,"12,18%","12,17%",73,196.579.000,180.230,1,"8.032,29","1.059,83","13,19%","0,00%"
NVHO11,Hospital,1161,"13,68%","8,69%",70,481.752.000,1.739,4,"15.645,50","2.208,41","14,12%","0,00%"
OBAL11,Residencial,"1.095,00","-3,25%","21,49%",91,154.701.000,28,4,"20.801,00",000,"0,00%","0,00%"
OCRE11,Títulos e Val. Mob.,7600,"9,56%","11,04%",84,32.146.900,18.058,0,000,000,"0,00%","0,00%"
OGHY11,Títulos e Val. Mob.,872,"7,32%","0,00%",92,23.678.100,0,0,000,000,"0,00%","0,00%"
OIAG11,Títulos e Val. Mob.,741,"14,76%","15,77%",75,66.934.500,122.368,0,000,000,"0,00%","0,00%"
ONEF11,Lajes Corporativas,20003,"6,08%","0,00%",109,182.227.000,0,0,000,000,"0,00%","0,00%"
ORPD11,Títulos e Val. Mob.,9300,"0,00%","0,00%",65,26.970.000,0,0,000,000,"0,00%","0,00%"
OUCY11,Híbrido,8850,"0,00%","0,00%",0,0,0,8,000,16102,"0,00%","0,00%"
OUFF11,Títulos e Val. Mob.,6110,"0,00%","4,28%",0,0,0,0,000,000,"0,00%","0,00%"
OUJP11,Híbrido,7828,"14,34%","13,86%",79,254.597.000,434.356,0,000,000,"0,00%","0,00%"
OULG11,Logística,3700,"9,45%","2,02%",60,91.807.500,838.154,2,"1.238,16",17421,"14,07%","0,00%"
OURE11,Híbrido,7820,"0,00%","4,92%",0,0,0,8,000,16102,"0,00%","0,00%"
PATA11,Outros,1069,"7,17%","6,80%",108,18.194.500,7.609,0,000,000,"0,00%","0,00%"
PATC11,Lajes Corporativas,3550,"3,96%","4,41%",86,123.449.000,1.399.230,4,"15.793,50","1.181,41","7,48%","0,00%"
PATL11,Logística,4700,"14,68%","14,45%",49,234.602.000,349.360,4,"1.505,40",26649,"17,70%","2,73%"
PDDA11B,Logística,10650,"3,28%","0,00%",172,264.257.000,0,2,"3.563,90",17421,"4,89%","0,00%"
PEMA11,Títulos e Val. Mob.,3710,"20,70%","16,22%",58,20.479.200,541,0,000,000,"0,00%","0,00%"
PLAG11,Outros,4751,"11,38%","11,23%",78,239.466.000,1.195.540,12,"1.656,39",21765,"13,14%","0,00%"
PLCA11,Títulos e Val. Mob.,7271,"19,71%","15,11%",77,40.500.900,64.471,0,000,000,"0,00%","0,00%"
PLCR11,Títulos e Val. Mob.,8101,"14,90%","11,75%",89,170.864.000,271.636,0,000,000,"0,00%","0,00%"
PLOG11,Logística,6671,"14,54%","0,00%",62,50.032.500,0,1,69698,13027,"18,69%","0,00%"
PLRI11,Títulos e Val. Mob.,1500,"4,07%","39,06%",83,14.314.600,10.535,0,000,000,"0,00%","0,00%"
PMFO11,Títulos e Val. Mob.,8569,"5,06%","11,49%",100,83.625.500,6.602,0,000,000,"0,00%","0,00%"
PMIS11,Títulos e Val. Mob.,782,"10,85%","14,66%",86,115.761.000,327.887,0,000,000,"0,00%","0,00%"
PNCR11,Residencial,6865,"-0,37%","11,51%",127,34.325.000,0,1,"27.004,90",000,"0,00%","0,00%"
PNDL11,Títulos e Val. Mob.,"1.100,00","-0,39%","0,00%",104,158.765.000,82.519,0,000,000,"0,00%","0,00%"
PNPR11,Híbrido,5300,"10,00%","3,02%",138,47.584.300,19.451,1,000,40522,"0,00%","0,00%"
PNRC11,Híbrido,10595,"6,57%","9,35%",196,43.450.100,0,3,"15.723,30",000,"0,00%","0,00%"
PORD11,Títulos e Val. Mob.,807,"12,21%","13,13%",84,300.880.000,485.266,0,000,000,"0,00%","0,00%"
PQAG11,Logística,5457,"10,23%","10,07%",95,763.537.000,247.615,1,"12.071,70","1.203,85","9,97%","0,00%"
PQDP11,Shoppings,"2.289,99","11,34%","8,13%",68,230.284.000,354.520,1,"1.756,51",21311,"12,13%","1,02%"
PRSN11,Residencial,135,"-17,23%","37,15%",41,4.362.180,320,2,"8.414,80",000,"0,00%","0,00%"
PRSV11,Lajes Corporativas,4899,"-23,48%","0,00%",33,10.460.900,1.253,1,"1.050,35",000,"0,00%","100,00%"
PULV11,Títulos e Val. Mob.,779,"15,55%","10,89%",77,93.481.900,29.318,0,000,000,"0,00%","0,00%"
PURB11,Híbrido,9510,"11,88%","0,00%",82,107.954.000,0,2,"19.149,10","2.369,56","12,37%","9,70%"
PVBI11,Lajes Corporativas,7750,"8,71%","8,97%",74,2.102.580.000,3.813.860,7,"20.136,30","1.803,72","8,96%","15,46%"
QAGR11,Outros,4100,"13,19%","12,94%",68,206.640.000,149.034,12,"1.432,53",21765,"15,19%","0,00%"
QAMI11,Títulos e Val. Mob.,8468,"24,53%","0,00%",91,67.862.400,0,0,000,000,"0,00%","0,00%"
QIFF11,Títulos e Val. Mob.,9749,"7,63%","0,00%",109,14.623.500,0,0,000,000,"0,00%","0,00%"
QIRI11,Títulos e Val. Mob.,7804,"9,53%","0,00%",87,11.706.000,0,0,000,000,"0,00%","0,00%"
QMFF11,Títulos e Val. Mob.,9852,"7,55%","0,00%",110,14.778.000,0,0,000,000,"0,00%","0,00%"
RBBV11,Títulos e Val. Mob.,10000,"6,51%","0,00%",99,125.416.000,0,0,000,000,"0,00%","0,00%"
RBCO11,Lajes Corporativas,4400,"12,33%","8,39%",49,166.276.000,144.616,4,"3.812,31",61484,"16,13%","0,00%"
RBDS11,Residencial,221,"-69,37%","0,00%",12,279.616,174,0,000,000,"0,00%","0,00%"
RBED11,Outros,9403,"15,89%","19,80%",0,221.443.000,0,0,000,000,"0,00%","0,00%"
RBFF11,Títulos e Val. Mob.,5066,"12,34%","11,98%",86,189.935.000,451.993,0,000,000,"0,00%","0,00%"
RBGS11,Shoppings,2845,"3,30%","0,00%",31,30.669.100,0,1,"1.051,57",5268,"5,01%","11,94%"
RBHG11,Títulos e Val. Mob.,6930,"11,98%","14,83%",80,150.239.000,246.035,0,000,000,"0,00%","0,00%"
RBHY11,Títulos e Val. Mob.,8034,"11,78%","15,05%",87,152.124.000,350.932,0,000,000,"0,00%","0,00%"
RBIR11,Residencial,8202,"3,41%","4,89%",88,125.377.000,127.792,1,"57.694,30",000,"0,00%","0,00%"
RBIV11,Títulos e Val. Mob.,8370,"9,92%","0,00%",97,181.458.000,0,0,000,000,"0,00%","0,00%"
RBLG11,Logística,4600,"17,90%","17,63%",67,29.449.200,2.184,1,27900,2900,"10,39%","0,00%"
RBOP11,Outros,18204,"17,28%","12,37%",26,18.506.900,28.318,2,"1.029,47",14042,"13,64%","81,98%"
RBRD11,Híbrido,3895,"12,06%","12,86%",60,72.127.100,52.369,4,"2.574,80",35893,"13,94%","0,00%"
RBRF11,Títulos e Val. Mob.,700,"15,11%","11,64%",83,957.654.000,2.750.440,0,000,000,"0,00%","0,00%"
RBRI11,Híbrido,92300,"23,59%","36,60%",113,128.911.000,4.335,0,000,000,"0,00%","0,00%"
RBRL11,Logística,7550,"10,06%","11,30%",72,504.871.000,289.128,5,"1.986,58",26153,"13,16%","0,00%"
RBRM11,Títulos e Val. Mob.,"160.000,00","-8,41%","0,00%",816,86.240.000,0,0,000,000,"0,00%","0,00%"
RBRP11,Outros,4771,"6,66%","13,35%",63,581.069.000,1.449.790,6,"9.388,31",67942,"7,24%","0,00%"
RBRR11,Títulos e Val. Mob.,8470,"9,91%","12,12%",94,1.275.340.000,2.046.410,0,000,000,"0,00%","0,00%"
RBRS11,Residencial,3599,"-2,38%","0,58%",37,62.417.400,68.503,3,"9.665,56",66713,"6,90%","24,89%"
RBRX11,Títulos e Val. Mob.,800,"11,14%","13,10%",83,235.749.000,592.358,1,"8.747.830,00",000,"0,00%","0,00%"
RBRY11,Títulos e Val. Mob.,9272,"10,32%","12,50%",96,1.183.990.000,2.709.450,0,000,000,"0,00%","0,00%"
RBTS11,Outros,37790,"-2,40%","5,37%",98,21.360.800,339,0,000,000,"0,00%","0,00%"
RBVA11,Outros,8556,"7,70%","12,09%",80,1.335.960.000,1.987.140,82,"4.432,97",46890,"10,58%","3,86%"
RBVO11,Lajes Corporativas,533,"0,00%","48,52%",0,0,0,0,000,000,"0,00%","0,00%"
RCFF11,Títulos e Val. Mob.,8762,"28,41%","23,27%",86,28.318.800,6.969,0,000,000,"0,00%","0,00%"
RCRB11,Lajes Corporativas,12827,"5,15%","8,71%",64,473.405.000,1.395.900,9,"12.075,80","1.216,83","10,08%","6,49%"
RCRI11B,Híbrido,"1.200,00","4,39%","0,00%",116,61.214.400,0,0,000,000,"0,00%","0,00%"
RDES11,Híbrido,5800,"2,54%","0,00%",75,43.036.000,0,3,"3.089,11",43109,"13,96%","47,02%"
RDPD11,Títulos e Val. Mob.,2296,"4,47%","0,00%",223,172.391.000,0,0,000,000,"0,00%","0,00%"
RECD11,Títulos e Val. Mob.,999,"2,04%","6,23%",102,54.483.200,23.704,0,000,000,"0,00%","0,00%"
RECM11,Híbrido,857,"2,16%","5,65%",88,71.992.400,10.596,0,000,000,"0,00%","0,00%"
RECR11,Títulos e Val. Mob.,8248,"12,99%","13,61%",93,2.180.910.000,2.355.510,1,"42.842,30",000,"0,00%","100,02%"
RECT11,Híbrido,3053,"14,89%","13,99%",34,260.833.000,297.674,9,"3.434,63",78174,"22,76%","9,09%"
RECX11,Títulos e Val. Mob.,6799,"10,80%","3,79%",94,14.843.100,0,0,000,000,"0,00%","0,00%"
REIT11,Títulos e Val. Mob.,8500,"10,60%","8,45%",29,2.234.740,87,0,000,000,"0,00%","0,00%"
RELG11,Híbrido,6618,"3,68%","6,09%",59,88.321.300,596.631,5,89945,18633,"20,72%","10,00%"
RENV11,Outros,718,"-5,60%","3,54%",77,7.372.380,11.646,0,000,000,"0,00%","0,00%"
RFOF11,Títulos e Val. Mob.,5594,"12,66%","14,74%",81,60.312.500,327.548,0,000,000,"0,00%","0,00%"
RINV11,Títulos e Val. Mob.,10210,"5,27%","12,97%",100,334.840.000,321.080,0,000,000,"0,00%","0,00%"
RMAI11,Híbrido,6849,"5,01%","8,24%",64,167.376.000,30.755,2,"3.961,11",36483,"9,21%","13,30%"
RNDP11,Títulos e Val. Mob.,4050,"7,21%","38,41%",72,4.352.980,8.543,0,000,000,"0,00%","0,00%"
RNGO11,Lajes Corporativas,4542,"10,45%","9,98%",54,121.544.000,44.402,5,"1.589,30",22436,"14,12%","10,07%"
ROOF11,Outros,72720,"-7,05%","0,00%",172,56.354.400,0,43,"3.905,23",113,"0,03%","0,00%"
RPRI11,Títulos e Val. Mob.,8754,"11,34%","13,65%",89,303.915.000,379.044,0,000,000,"0,00%","0,00%"
RRCI11,Títulos e Val. Mob.,7288,"13,47%","13,83%",82,35.110.500,63.993,0,000,000,"0,00%","0,00%"
RSPD11,Residencial,98900,"1,66%","7,27%",102,147.372.000,17.655,1,"86.016,00",000,"0,00%","0,00%"
RURA11,Títulos e Val. Mob.,784,"13,85%","13,25%",77,1.255.180.000,2.034.080,0,000,000,"0,00%","0,00%"
RVBI11,Títulos e Val. Mob.,6424,"11,00%","13,62%",85,660.131.000,856.262,0,000,000,"0,00%","0,00%"
RZAG11,Títulos e Val. Mob.,869,"16,89%","15,03%",90,591.271.000,1.223.790,0,000,000,"0,00%","0,00%"
RZAK11,Títulos e Val. Mob.,8219,"15,34%","16,28%",95,723.920.000,1.727.790,0,000,000,"0,00%","0,00%"
RZAT11,Híbrido,8845,"-59,86%","14,01%",87,374.589.000,566.638,12,"1.110,75",9919,"8,93%","0,00%"
RZDM11,Híbrido,55016,"19,74%","0,00%",415,88.025.600,0,4,"61.028,80",000,"0,00%","0,00%"
RZEO11,Outros,19300,"-1,02%","26,96%",95,608.514.000,19,36,97198,000,"0,00%","0,00%"
RZLC11,Outros,"1.007,95","4,42%","6,99%",102,50.397.500,839.321,0,000,000,"0,00%","0,00%"
RZTR11,Títulos e Val. Mob.,9098,"16,91%","12,71%",95,1.715.130.000,3.697.300,17,260,028,"10,70%","24,40%"
RZZR11,Outros,14050,"7,99%","9,79%",84,701.478.000,17.680,10,"1.029,48",8630,"8,38%","0,00%"
RZZV11,Logística,"1.000,00","0,26%","1,22%",99,103.847.000,256,0,000,000,"0,00%","0,00%"
SADI11,Títulos e Val. Mob.,876,"12,23%","12,15%",91,135.665.000,304.214,0,000,000,"0,00%","0,00%"
SAIC11,Lajes Corporativas,3404,"-2,49%","0,00%",60,48.668.300,1,1,"4.385,62",7069,"1,61%","100,00%"
SAPI11,Títulos e Val. Mob.,852,"12,73%","12,77%",86,131.522.000,220.914,0,000,000,"0,00%","0,00%"
SARE11,Híbrido,476,"7,21%","6,24%",61,439.554.000,1.831.860,3,"1.752,93",23543,"13,43%","63,23%"
SCPF11,Híbrido,202,"1,95%","0,00%",19,8.484.000,2.260,1,"1.783,46",69006,"38,69%","29,18%"
SDIL11,Logística,9650,"5,44%","0,00%",100,746.822.000,0,6,"1.965,97",25182,"12,81%","0,00%"
SDIP11,Lajes Corporativas,8800,"1,98%","0,00%",89,371.533.000,0,5,"11.069,00","1.012,66","9,15%","0,00%"
SEED11,Híbrido,9300,"10,96%","12,75%",102,152.520.000,119,0,000,000,"0,00%","0,00%"
SEQR11,Outros,4905,"13,74%","13,93%",52,81.702.300,131.187,4,"1.994,05",36253,"18,18%","0,00%"
SHDP11B,Shoppings,"1.210,05","9,29%","8,22%",87,1.439.630.000,0,1,"11.066,20","1.157,44","10,46%","1,02%"
SHOP11,Híbrido,2074,"-2,38%","0,00%",58,40.483.800,27.800,1,"1.719,87",27183,"15,81%","14,00%"
SHPH11,Shoppings,91000,"6,35%","6,45%",90,554.145.000,716.910,1,"14.376,10","1.168,29","8,13%","2,58%"
SIGR11,Títulos e Val. Mob.,9990,"3,09%","1,28%",103,200.302.000,0,0,000,000,"0,00%","0,00%"
SJAU11,Logística,2973,"39,70%","11,46%",55,235.826.000,1.320,0,000,000,"0,00%","0,00%"
SMRE11,Outros,8200,"0,04%","14,01%",81,77.496.400,336.052,0,000,000,"0,00%","0,00%"
SNAG11,Híbrido,961,"10,56%","12,81%",95,583.715.000,1.670.150,3,12496,1191,"9,53%","0,00%"
SNCI11,Títulos e Val. Mob.,8932,"12,79%","13,11%",93,375.144.000,394.153,0,000,000,"0,00%","0,00%"
SNCR11,Híbrido,9780,"13,30%","0,00%",102,472.992.000,0,0,000,000,"0,00%","0,00%"
SNEL11,Híbrido,858,"3,62%","13,59%",106,329.124.000,528.590,1,000,000,"5,30%","0,00%"
SNFF11,Títulos e Val. Mob.,6909,"8,66%","14,47%",83,277.786.000,717.863,0,000,000,"0,00%","0,00%"
SNFZ11,Híbrido,980,"3,40%","4,72%",100,60.760.000,34.952,2,"40.871,40",39696,"0,97%","0,00%"
SNLG11,Híbrido,042,"567,91%","2,36%",1,1.062.590,298.125,6,000,7543,"0,00%","8,72%"
SNME11,Híbrido,932,"11,91%","13,35%",99,69.138.000,39.349,0,000,000,"0,00%","0,00%"
SOFF11,Outros,10194,"-2,64%","2,59%",109,5.097.000,904,0,000,000,"0,00%","0,00%"
SOLR11,Híbrido,"1.051,35","-2,36%","0,00%",112,67.778.400,0,1,"7.804,69",000,"0,00%","0,00%"
SPDE11,Residencial,"1.266,67","7,38%","12,28%",104,115.774.000,0,0,000,000,"0,00%","0,00%"
SPMO11,Híbrido,14400,"-0,13%","0,00%",107,260.916.000,0,0,000,000,"0,00%","0,00%"
SPTW11,Lajes Corporativas,3384,"19,51%","14,57%",58,60.844.300,54.533,1,"4.242,44",94871,"22,36%","0,00%"
SPXS11,Híbrido,847,"11,80%","13,73%",91,171.001.000,662.017,0,000,000,"0,00%","0,00%"
SRVD11,Títulos e Val. Mob.,300,"-0,15%","0,00%",552,288.858.000,0,0,000,000,"0,00%","0,00%"
STRX11,Híbrido,16800,"7,56%","5,99%",118,271.078.000,0,3,"2.659,80",21093,"7,93%","4,10%"
TBOF11,Lajes Corporativas,10150,"-0,11%","0,00%",48634,1.020.080.000,0,1,000,000,"0,00%","15,37%"
TELM11,Híbrido,1000,"2,58%","4,32%",102,21.473.600,38.265,0,000,000,"0,00%","0,00%"
TEPP11,Lajes Corporativas,8400,"2,47%","12,70%",87,354.645.000,412.475,5,"10.786,60","1.043,04","9,67%","0,00%"
TGAR11,Híbrido,8962,"14,15%","15,32%",79,2.112.160.000,5.425.980,5,4029,095,"2,35%","0,00%"
THRA11,Lajes Corporativas,13850,"2,96%","0,00%",1452,203.973.000,0,0,000,000,"0,00%","0,00%"
TJKB11,Lajes Corporativas,26000,"8,46%","13,05%",98,258.554.000,21.861,8,"6.606,17",70981,"10,74%","0,00%"
TMPS11,Títulos e Val. Mob.,7904,"12,44%","15,86%",86,77.377.600,269.610,0,000,000,"0,00%","0,00%"
TOPP11,Outros,7208,"3,38%","6,72%",73,326.396.000,485.734,2,"37.223,90",54110,"1,45%","6,88%"
TORD11,Híbrido,061,"0,80%","0,80%",10,21.381.300,34.160,0,000,000,"0,00%","0,00%"
TOUR11,Residencial,880,"0,00%","0,00%",0,0,0,3,000,000,"0,00%","0,00%"
TRBL11,Logística,6134,"8,49%","14,18%",64,474.716.000,513.127,6,"1.254,15",21870,"17,44%","0,00%"
TRNT11,Lajes Corporativas,9548,"6,02%","0,67%",54,375.767.000,14.696,1,"6.231,87",61069,"9,80%","34,21%"
TRXB11,Híbrido,12698,"7,69%","15,92%",120,433.491.000,81.890,13,"1.789,40",23987,"13,41%","0,00%"
TRXF11,Híbrido,10380,"-0,29%","12,16%",102,2.079.690.000,6.986.100,40,"2.978,84",22044,"7,40%","0,00%"
TRXL11,Híbrido,10338,"6,75%","0,00%",100,4.471.100.000,0,30,"3.406,27",18266,"5,36%","2,89%"
TRXY11,Híbrido,884,"1,50%","5,58%",95,31.909.900,396.793,0,000,000,"0,00%","0,00%"
TSER11,Lajes Corporativas,10100,"11,03%","11,34%",101,139.861.000,8,1,"2.818,31",24843,"8,81%","0,00%"
TSNC11,Híbrido,7270,"-6,35%","739.980,00%",91,79.008.900,16,1,"6.289,92",3213,"0,51%","100,00%"
TVRI11,Lajes Corporativas,8539,"11,14%","13,76%",84,1.359.380.000,1.076.260,61,"3.274,01",48118,"14,70%","2,83%"
UBSR11,Títulos e Val. Mob.,10250,"10,46%","0,00%",114,2.710.270.000,0,1,"52.387,30",000,"0,00%","100,02%"
URHF11,Títulos e Val. Mob.,9000,"23,04%","12,48%",94,9.937.530,515,0,000,000,"0,00%","0,00%"
URPR11,Outros,5498,"12,98%","20,01%",55,645.130.000,1.153.490,0,000,000,"0,00%","0,00%"
VCJR11,Títulos e Val. Mob.,8540,"14,10%","12,79%",92,1.257.430.000,1.420.380,0,000,000,"0,00%","0,00%"
VCRA11,Títulos e Val. Mob.,6831,"19,92%","16,99%",66,313.811.000,770.544,0,000,000,"0,00%","0,00%"
VCRI11,Títulos e Val. Mob.,710,"14,20%","15,29%",76,126.190.000,143.325,0,000,000,"0,00%","0,00%"
VCRR11,Logística,5830,"12,65%","12,06%",46,116.600.000,213.123,4,"2.063,70",39865,"19,32%","0,00%"
VERE11,Outros,44576,"6,32%","6,37%",89,284.326.000,0,3,"2.791,48",32938,"11,80%","28,37%"
VGHF11,Títulos e Val. Mob.,759,"10,52%","13,93%",90,1.250.240.000,2.814.140,0,000,000,"0,00%","0,00%"
VGIA11,Títulos e Val. Mob.,864,"17,82%","15,45%",90,746.972.000,1.557.480,0,000,000,"0,00%","0,00%"
VGII11,Outros,10141,"10,41%","10,46%",111,52.618.100,0,0,000,000,"0,00%","0,00%"
VGIP11,Títulos e Val. Mob.,8015,"12,74%","12,63%",90,944.748.000,1.265.110,0,000,000,"0,00%","0,00%"
VGIR11,Títulos e Val. Mob.,919,"11,20%","13,85%",94,1.342.670.000,5.581.310,0,000,000,"0,00%","0,00%"
VGRI11,Títulos e Val. Mob.,800,"12,35%","21,70%",76,280.174.000,624.607,5,"4.891,68",69136,"14,13%","7,75%"
VHFA11,Outros,1008,"13,42%","2,40%",99,80.561.000,0,0,000,000,"0,00%","0,00%"
VIFI11,Títulos e Val. Mob.,753,"11,66%","10,51%",94,60.911.600,0,0,000,000,"0,00%","0,00%"
VILG11,Logística,8380,"8,84%","8,97%",74,1.256.780.000,1.664.800,15,"2.205,88",23595,"10,70%","3,04%"
VINO11,Lajes Corporativas,519,"11,08%","12,25%",50,429.868.000,468.606,10,"6.394,40","1.081,14","16,91%","8,49%"
VISC11,Shoppings,10218,"8,90%","9,83%",82,2.945.710.000,3.906.210,30,"2.784,40",26738,"9,60%","6,55%"
VIUR11,Outros,543,"14,92%","14,63%",62,146.318.000,438.884,7,"2.113,69",32787,"15,51%","3,14%"
VJFD11,Híbrido,15502,"5,98%","2,94%",95,755.898.000,0,39,78988,5004,"6,33%","0,00%"
VLOL11,Lajes Corporativas,9800,"6,78%","0,00%",88,174.913.000,0,0,000,000,"0,00%","0,00%"
VOTS11,Títulos e Val. Mob.,7525,"13,36%","11,37%",80,62.300.500,4.137,0,000,000,"0,00%","0,00%"
VPSI11,Shoppings,2500,"9,89%","8,88%",70,201.797.000,1,16,"1.640,38",16716,"10,19%","0,00%"
VRTA11,Títulos e Val. Mob.,8371,"12,26%","12,05%",96,1.305.240.000,1.470.900,0,000,000,"0,00%","0,00%"
VRTM11,Híbrido,703,"8,18%","15,48%",75,330.208.000,374.917,23,"4.010,91",000,"0,00%","0,00%"
VSEC11,Títulos e Val. Mob.,021,"700,84%","0,00%",7,13.174,0,0,000,000,"0,00%","0,00%"
VSHO11,Shoppings,6891,"11,70%","10,99%",66,144.628.000,135.276,3,"1.633,37",37571,"23,00%","10,21%"
VSLH11,Outros,269,"10,28%","16,16%",27,80.334.400,135.390,0,000,000,"0,00%","0,00%"
VTLT11,Logística,8740,"12,92%","12,77%",83,184.851.000,73.383,1,71495,10592,"14,81%","0,00%"
VTPL11,Híbrido,7210,"-0,69%","0,00%",72,99.948.000,0,1,"2.748,49",000,"0,00%","0,00%"
VVCR11,Títulos e Val. Mob.,1011,"10,14%","10,87%",97,75.909.200,638.460,0,000,000,"0,00%","0,00%"
VVMR11,Híbrido,8092,"5,20%","9,09%",73,228.452.000,502.664,5,"7.514,71",60690,"8,08%","2,83%"
VVPR11,Híbrido,10150,"8,99%","0,00%",104,234.036.000,0,6,"5.334,39",52670,"9,87%","0,00%"
VVRI11,Híbrido,8509,"8,42%","11,51%",89,68.300.300,93.581,2,"2.543,99",47861,"18,81%","0,00%"
VXXV11,Outros,70000,"-0,97%","34,13%",101,193.512.000,433.044,1,8218,149,"1,81%","90,00%"
WHGR11,Híbrido,854,"12,48%","13,83%",90,263.992.000,227.578,1,"5.475,36",000,"0,00%","0,00%"
WPLZ11,Shoppings,5059,"8,23%","8,13%",76,58.358.000,5.533,1,"1.542,63",14323,"9,28%","8,35%"
WSEC11,Títulos e Val. Mob.,624,"16,33%","12,72%",61,15.328.600,5.320,0,000,000,"0,00%","0,00%"
WTSP11,Híbrido,5695,"23,54%","20,20%",68,70.536.700,3.273,1,"5.720,89",32292,"5,64%","3,51%"
XPCA11,Títulos e Val. Mob.,741,"14,41%","12,99%",78,337.326.000,844.852,0,000,000,"0,00%","0,00%"
XPCI11,Títulos e Val. Mob.,8012,"11,92%","12,59%",92,697.168.000,1.406.050,0,000,000,"0,00%","0,00%"
XPCM11,Lajes Corporativas,690,"-20,71%","0,00%",26,16.660.500,12.365,1,84530,3193,"3,78%","63,00%"
XPHT11,Hotel,12300,"3,07%","0,00%",178,1.133.880.000,0,14,"19.789,30",69237,"3,50%","0,00%"
XPIN11,Outros,6895,"9,03%","11,88%",66,493.022.000,322.858,81,"1.923,20",24475,"12,73%","3,09%"
XPLG11,Logística,9950,"7,45%","9,45%",93,3.102.010.000,3.475.260,17,"2.922,56",24857,"8,51%","1,34%"
XPML11,Shoppings,10479,"9,01%","10,44%",89,5.943.770.000,12.832.800,23,"5.526,89",43188,"7,81%","3,80%"
XPPR11,Outros,1254,"6,87%","5,00%",31,91.744.800,0,2,"2.550,47",40443,"15,86%","45,23%"
XPSF11,Títulos e Val. Mob.,598,"14,01%","13,67%",80,258.947.000,579.878,0,000,000,"0,00%","0,00%"
XTED11,Lajes Corporativas,882,"9,35%","0,00%",61,87.318.000,0,4,"3.727,05",36552,"9,81%","0,00%"
YCHY11,Híbrido,"1.000,00","-5,29%","0,00%",989,4.235.040.000,0,12,"12.634,40",9919,"0,79%","0,00%"
YUFI11,Residencial,5950,"4,23%","4,64%",56,29.312.700,0,38,"1.651,22",24006,"14,54%","0,00%"
ZAGH11,Híbrido,1040,"3,58%","7,09%",114,92.473.300,3.889,1,"2.631,41",2001,"0,76%","0,00%"
ZAVC11,Títulos e Val. Mob.,927,"10,16%","15,96%",93,28.712.400,21.360,0,000,000,"0,00%","0,00%"
ZAVI11,Híbrido,9365,"17,27%","15,31%",71,109.882.000,215.385,10,"1.456,72",21940,"15,06%","0,00%"
ZIFI11,Híbrido,59475,"-3,68%","0,00%",34,28.241.700,2.200,0,000,000,"0,00%","0,00%"
